Workbook

Sheet Resumen y Matrículas
B2: SANTA SOFÍA CLUB RESIDENCIAL
B3: SISTEMA DE CONTROL Y REGISTRO DE MATRÍCULAS INMOBILIARIAS
B4: Generated Sep 2026 | v1.0 | Base de datos master de la copropiedad
B6: RANGOS OFICIALES DE MATRÍCULAS INMOBILIARIAS (SEGÚN ESCRITURAS)
B7: Etapa | C7: Unidades | D7: Rango de Matrículas | E7: Tipo de Unidades Incluidas | F7: Sustento Escritura
B8: Etapa I (Fase 1) | C8: 313 Unidades | D8: 280-214831 al 280-215143 | E8: 116 Apartamentos (Bloques 3 y 4) + 105 Parqueaderos de Carros + 92 Parqueaderos de Motos | F8: Escritura Pública No. 1020 de 2016 y RPH Inicial
B9: Etapa II (Fase 2) | C9: 144 Unidades | D9: Se abren desde el Folio Matriz 280-214824 | E9: 112 Apartamentos (Bloques 1 y 2) + 32 Parqueaderos de Motos | F9: Escritura Pública No. 2700 de 2018 (Adición RPH)
B12: CONVENCIÓN DE COLORES PARA LA ADMINISTRACIÓN
B13: Celda de Entrada (Light Blue) | C13: Indica que es un campo editable. Aquí la administración debe digitar el número de matrícula inmobiliaria individual de la unidad una vez se verifique en su respectiva escritura.
B14: Celda Calculada (Light Green) | C14: Indica que es una celda automática con fórmulas. No debe ser modificada manualmente.
B17: ESTADÍSTICAS GENERALES DE UNIDADES PRIVADAS
B18: Tipo de Unidad | C18: Cantidad | D18: Área Privada Total | E18: Coeficiente de Participación Total | F18: Matrículas Registradas
B19: Apartamentos Torre 1 (Bloques 1, 2, 3 y 4) | C19: =COUNTA(Apartamentos!B6:B233) | D19: =SUM(Apartamentos!E6:E233) | E19: =SUM(Apartamentos!G6:G233) | F19: =COUNTIF(Apartamentos!H6:H233, "<>")
B20: Parqueaderos de Carros Privados | C20: =COUNTIF(Parqueaderos!B6:B233, "Carro *") | D20: =SUMIF(Parqueaderos!B6:B233, "Carro *", Parqueaderos!D6:D233) | E20: =SUMIF(Parqueaderos!B6:B233, "Carro *", Parqueaderos!F6:F233) | F20: =COUNTIFS(Parqueaderos!B6:B233, "Carro *", Parqueaderos!G6:G233, "<>")
B21: Parqueaderos de Motos Privados | C21: =COUNTIF(Parqueaderos!B6:B233, "Moto *") | D21: =SUMIF(Parqueaderos!B6:B233, "Moto *", Parqueaderos!D6:D233) | E21: =SUMIF(Parqueaderos!B6:B233, "Moto *", Parqueaderos!F6:F233) | F21: =COUNTIFS(Parqueaderos!B6:B233, "Moto *", Parqueaderos!G6:G233, "<>")
B22: Gran Total Copropiedad | C22: =SUM(C19:C21) | D22: =SUM(D19:D21) | E22: =SUM(E19:E21) | F22: =SUM(F19:F21)

Sheet Apartamentos
B2: BASE DE DATOS DE APARTAMENTOS Y REGISTRO DE MATRÍCULAS
B3: Nota: Los coeficientes están actualizados según la Adición por Etapas de la Ley 675.
B5: Bloque | C5: Apto | D5: Piso | E5: Área Privada (m2) | F5: Coeficiente Prov. | G5: Coeficiente Integrado | H5: Matrícula Inmobiliaria (Digitar aquí) | I5: Estado del Folio
B6: Bloque 3 | C6: 311 | D6: 1 | E6: 47.1 | F6: 0.00691 | G6: 0.00375 | H6: 280-214831 | I6: =IF(H6="","PENDIENTE",IF(LEFT(H6,10)="280-21XXXX","REVISAR","CONFIRMADO"))
B7: Bloque 3 | C7: 312 | D7: 1 | E7: 51.11 | F7: 0.007498 | G7: 0.00407 | H7: 280-214832 | I7: =IF(H7="","PENDIENTE",IF(LEFT(H7,10)="280-21XXXX","REVISAR","CONFIRMADO"))
B8: Bloque 3 | C8: 313 | D8: 1 | E8: 51.11 | F8: 0.007498 | G8: 0.00407 | H8: 280-214833 | I8: =IF(H8="","PENDIENTE",IF(LEFT(H8,10)="280-21XXXX","REVISAR","CONFIRMADO"))
B9: Bloque 3 | C9: 314 | D9: 1 | E9: 47.1 | F9: 0.00691 | G9: 0.00375 | H9: 280-214834 | I9: =IF(H9="","PENDIENTE",IF(LEFT(H9,10)="280-21XXXX","REVISAR","CONFIRMADO"))
B10: Bloque 3 | C10: 321 | D10: 2 | E10: 47.1 | F10: 0.00691 | G10: 0.00375 | H10: 280-214835 | I10: =IF(H10="","PENDIENTE",IF(LEFT(H10,10)="280-21XXXX","REVISAR","CONFIRMADO"))
B11: Bloque 3 | C11: 322 | D11: 2 | E11: 51.11 | F11: 0.007498 | G11: 0.00407 | H11: 280-214836 | I11: =IF(H11="","PENDIENTE",IF(LEFT(H11,10)="280-21XXXX","REVISAR","CONFIRMADO"))
B12: Bloque 3 | C12: 323 | D12: 2 | E12: 51.11 | F12: 0.007498 | G12: 0.00407 | H12: 280-214837 | I12: =IF(H12="","PENDIENTE",IF(LEFT(H12,10)="280-21XXXX","REVISAR","CONFIRMADO"))
B13: Bloque 3 | C13: 324 | D13: 2 | E13: 47.1 | F13: 0.00691 | G13: 0.00375 | H13: 280-214838 | I13: =IF(H13="","PENDIENTE",IF(LEFT(H13,10)="280-21XXXX","REVISAR","CONFIRMADO"))
B14: Bloque 3 | C14: 331 | D14: 3 | E14: 47.1 | F14: 0.00691 | G14: 0.00375 | H14: 280-214839 | I14: =IF(H14="","PENDIENTE",IF(LEFT(H14,10)="280-21XXXX","REVISAR","CONFIRMADO"))
B15: Bloque 3 | C15: 332 | D15: 3 | E15: 51.11 | F15: 0.007498 | G15: 0.00407 | H15: 280-214840 | I15: =IF(H15="","PENDIENTE",IF(LEFT(H15,10)="280-21XXXX","REVISAR","CONFIRMADO"))
B16: Bloque 3 | C16: 333 | D16: 3 | E16: 51.11 | F16: 0.007498 | G16: 0.00407 | H16: 280-214841 | I16: =IF(H16="","PENDIENTE",IF(LEFT(H16,10)="280-21XXXX","REVISAR","CONFIRMADO"))
B17: Bloque 3 | C17: 334 | D17: 3 | E17: 47.1 | F17: 0.00691 | G17: 0.00375 | H17: 280-214842 | I17: =IF(H17="","PENDIENTE",IF(LEFT(H17,10)="280-21XXXX","REVISAR","CONFIRMADO"))
... B121: Bloque 4 | C121: 4154 | D121: 15 | E121: 54 | F121: 0.007922 | G121: 0.0043 | H121: 280-214946 | I121: =IF(H121="","PENDIENTE",IF(LEFT(H121,10)="280-21XXXX","REVISAR","CONFIRMADO"))
B122: Bloque 1 | C122: 111 | D122: 1 | E122: 51.3 | F122: 0.007525 | G122: 0.00408 | H122: 280-21XXXX | I122: PENDIENTE: administración no tiene matrícula; residente debe digitar manualmente
B123: Bloque 1 | C123: 112 | D123: 1 | E123: 58.52 | F123: 0.008584 | G123: 0.00465 | H123: 280-21XXXX | I123: PENDIENTE: administración no tiene matrícula; residente debe digitar manualmente
B124: Bloque 1 | C124: 113 | D124: 1 | E124: 58.52 | F124: 0.008584 | G124: 0.00465 | H124: 280-21XXXX | I124: PENDIENTE: administración no tiene matrícula; residente debe digitar manualmente
B125: Bloque 1 | C125: 114 | D125: 1 | E125: 51.3 | F125: 0.007525 | G125: 0.00408 | H125: 280-21XXXX | I125: PENDIENTE: administración no tiene matrícula; residente debe digitar manualmente
B126: Bloque 1 | C126: 121 | D126: 2 | E126: 51.3 | F126: 0.007525 | G126: 0.00408 | H126: 280-21XXXX | I126: PENDIENTE: administración no tiene matrícula; residente debe digitar manualmente
B127: Bloque 1 | C127: 122 | D127: 2 | E127: 58.52 | F127: 0.008584 | G127: 0.00465 | H127: 280-21XXXX | I127: PENDIENTE: administración no tiene matrícula; residente debe digitar manualmente
B128: Bloque 1 | C128: 123 | D128: 2 | E128: 58.52 | F128: 0.008584 | G128: 0.00465 | H128: 280-21XXXX | I128: PENDIENTE: administración no tiene matrícula; residente debe digitar manualmente
B129: Bloque 1 | C129: 124 | D129: 2 | E129: 51.3 | F129: 0.007525 | G129: 0.00408 | H129: 280-21XXXX | I129: PENDIENTE: administración no tiene matrícula; residente debe digitar manualmente
B130: Bloque 1 | C130: 131 | D130: 3 | E130: 51.3 | F130: 0.007525 | G130: 0.00408 | H130: 280-21XXXX | I130: PENDIENTE: administración no tiene matrícula; residente debe digitar manualmente
B131: Bloque 1 | C131: 132 | D131: 3 | E131: 58.52 | F131: 0.008584 | G131: 0.00465 | H131: 280-21XXXX | I131: PENDIENTE: administración no tiene matrícula; residente debe digitar manualmente
B132: Bloque 1 | C132: 133 | D132: 3 | E132: 58.52 | F132: 0.008584 | G132: 0.00465 | H132: 280-21XXXX | I132: PENDIENTE: administración no tiene matrícula; residente debe digitar manualmente
B133: Bloque 1 | C133: 134 | D133: 3 | E133: 51.3 | F133: 0.007525 | G133: 0.00408 | H133: 280-21XXXX | I133: PENDIENTE: administración no tiene matrícula; residente debe digitar manualmente
... B233: Bloque 2 | C233: 2144 | D233: 14 | E233: 58.52 | F233: 0.008584 | G233: 0.00465 | H233: 280-21XXXX | I233: PENDIENTE: administración no tiene matrícula; residente debe digitar manualmente
B234: TOTAL APARTAMENTOS (228) | E234: =SUM(E6:E233) | F234: =SUM(F6:F233) | G234: =SUM(G6:G233) | I234: =COUNTIF(I6:I233, "CONFIRMADO") & " de 228"

Sheet Parqueaderos
B2: BASE DE DATOS DE PARQUEADEROS Y REGISTRO DE MATRÍCULAS
B3: Nota: Incluye parqueaderos de carros (Sótano 1 y 2) y de motos (Fases 1 y 2).
B5: Tipo | C5: Nro Parqueadero | D5: Ubicación | E5: Área Privada (m2) | F5: Coeficiente Prov. | G5: Coeficiente Integrado | H5: Matrícula Inmobiliaria (Digitar aquí) | I5: Estado del Folio
B6: Carro Sótano 2 | C6: Carro 1 | D6: Sótano 2 | E6: 9.9 | F6: 0.001452 | G6: 0.00079 | H6: 280-214947 | I6: =IF(H6="","PENDIENTE",IF(LEFT(H6,10)="280-21XXXX","REVISAR","CONFIRMADO"))
B7: Carro Sótano 2 | C7: Carro 2 | D7: Sótano 2 | E7: 9.9 | F7: 0.001452 | G7: 0.00079 | H7: 280-214948 | I7: =IF(H7="","PENDIENTE",IF(LEFT(H7,10)="280-21XXXX","REVISAR","CONFIRMADO"))
B8: Carro Sótano 2 | C8: Carro 3 | D8: Sótano 2 | E8: 9.9 | F8: 0.001452 | G8: 0.00079 | H8: 280-214949 | I8: =IF(H8="","PENDIENTE",IF(LEFT(H8,10)="280-21XXXX","REVISAR","CONFIRMADO"))
B9: Carro Sótano 2 | C9: Carro 4 | D9: Sótano 2 | E9: 9.9 | F9: 0.001452 | G9: 0.00079 | H9: 280-214950 | I9: =IF(H9="","PENDIENTE",IF(LEFT(H9,10)="280-21XXXX","REVISAR","CONFIRMADO"))
B10: Carro Sótano 2 | C10: Carro 5 | D10: Sótano 2 | E10: 9.9 | F10: 0.001452 | G10: 0.00079 | H10: 280-214951 | I10: =IF(H10="","PENDIENTE",IF(LEFT(H10,10)="280-21XXXX","REVISAR","CONFIRMADO"))
B11: Carro Sótano 2 | C11: Carro 6 | D11: Sótano 2 | E11: 9.9 | F11: 0.001452 | G11: 0.00079 | H11: 280-214952 | I11: =IF(H11="","PENDIENTE",IF(LEFT(H11,10)="280-21XXXX","REVISAR","CONFIRMADO"))
B12: Carro Sótano 2 | C12: Carro 7 | D12: Sótano 2 | E12: 9.9 | F12: 0.001452 | G12: 0.00079 | H12: 280-214953 | I12: =IF(H12="","PENDIENTE",IF(LEFT(H12,10)="280-21XXXX","REVISAR","CONFIRMADO"))
B13: Carro Sótano 2 | C13: Carro 8 | D13: Sótano 2 | E13: 9.9 | F13: 0.001452 | G13: 0.00079 | H13: 280-214954 | I13: =IF(H13="","PENDIENTE",IF(LEFT(H13,10)="280-21XXXX","REVISAR","CONFIRMADO"))
B14: Carro Sótano 2 | C14: Carro 9 | D14: Sótano 2 | E14: 9.9 | F14: 0.001452 | G14: 0.00079 | H14: 280-214955 | I14: =IF(H14="","PENDIENTE",IF(LEFT(H14,10)="280-21XXXX","REVISAR","CONFIRMADO"))
B15: Carro Sótano 2 | C15: Carro 10 | D15: Sótano 2 | E15: 9.9 | F15: 0.001452 | G15: 0.00079 | H15: 280-214956 | I15: =IF(H15="","PENDIENTE",IF(LEFT(H15,10)="280-21XXXX","REVISAR","CONFIRMADO"))
B16: Carro Sótano 2 | C16: Carro 11 | D16: Sótano 2 | E16: 9.9 | F16: 0.001452 | G16: 0.00079 | H16: 280-214957 | I16: =IF(H16="","PENDIENTE",IF(LEFT(H16,10)="280-21XXXX","REVISAR","CONFIRMADO"))
B17: Carro Sótano 2 | C17: Carro 12 | D17: Sótano 2 | E17: 9.9 | F17: 0.001452 | G17: 0.00079 | H17: 280-214958 | I17: =IF(H17="","PENDIENTE",IF(LEFT(H17,10)="280-21XXXX","REVISAR","CONFIRMADO"))
... B207: Moto Privada (Etapa I) | C207: Moto 158 | D207: Patio de Motos | E207: 1.6 | F207: 0.000235 | G207: 0.00013 | H207: 280-215148 | I207: =IF(H207="","PENDIENTE",IF(LEFT(H207,10)="280-21XXXX","REVISAR","CONFIRMADO"))
B208: Moto Privada (Etapa II) | C208: Moto 34 | D208: Patio de Motos (Segunda Etapa) | E208: 1.6 | F208: 0.000235 | G208: 0.00013 | H208: 280-226102 | I208: Completada desde bienes santa sofia (2).xlsx
B209: Moto Privada (Etapa II) | C209: Moto 35 | D209: Patio de Motos (Segunda Etapa) | E209: 1.6 | F209: 0.000235 | G209: 0.00013 | H209: 280-226103 | I209: Completada desde bienes santa sofia (2).xlsx
B210: Moto Privada (Etapa II) | C210: Moto 36 | D210: Patio de Motos (Segunda Etapa) | E210: 1.6 | F210: 0.000235 | G210: 0.00013 | H210: 280-226104 | I210: Completada desde bienes santa sofia (2).xlsx
B211: Moto Privada (Etapa II) | C211: Moto 37 | D211: Patio de Motos (Segunda Etapa) | E211: 1.6 | F211: 0.000235 | G211: 0.00013 | H211: 280-226105 | I211: Completada desde bienes santa sofia (2).xlsx
B212: Moto Privada (Etapa II) | C212: Moto 38 | D212: Patio de Motos (Segunda Etapa) | E212: 1.6 | F212: 0.000235 | G212: 0.00013 | H212: 280-226106 | I212: Completada desde bienes santa sofia (2).xlsx
B213: Moto Privada (Etapa II) | C213: Moto 39 | D213: Patio de Motos (Segunda Etapa) | E213: 1.6 | F213: 0.000235 | G213: 0.00013 | H213: 280-226107 | I213: Completada desde bienes santa sofia (2).xlsx
B214: Moto Privada (Etapa II) | C214: Moto 40 | D214: Patio de Motos (Segunda Etapa) | E214: 1.6 | F214: 0.000235 | G214: 0.00013 | H214: 280-226108 | I214: Completada desde bienes santa sofia (2).xlsx
B215: Moto Privada (Etapa II) | C215: Moto 41 | D215: Patio de Motos (Segunda Etapa) | E215: 1.6 | F215: 0.000235 | G215: 0.00013 | H215: 280-226109 | I215: Completada desde bienes santa sofia (2).xlsx
B216: Moto Privada (Etapa II) | C216: Moto 42 | D216: Patio de Motos (Segunda Etapa) | E216: 1.6 | F216: 0.000235 | G216: 0.00013 | H216: 280-226110 | I216: Completada desde bienes santa sofia (2).xlsx
B217: Moto Privada (Etapa II) | C217: Moto 43 | D217: Patio de Motos (Segunda Etapa) | E217: 1.6 | F217: 0.000235 | G217: 0.00013 | H217: 280-226111 | I217: Completada desde bienes santa sofia (2).xlsx
B218: Moto Privada (Etapa II) | C218: Moto 55 | D218: Patio de Motos (Segunda Etapa) | E218: 1.6 | F218: 0.000235 | G218: 0.00013 | H218: 280-226112 | I218: Completada desde bienes santa sofia (2).xlsx
B219: Moto Privada (Etapa II) | C219: Moto 56 | D219: Patio de Motos (Segunda Etapa) | E219: 1.6 | F219: 0.000235 | G219: 0.00013 | H219: 280-226113 | I219: Completada desde bienes santa sofia (2).xlsx
... B239: Moto Privada (Etapa II) | C239: Moto 76 | D239: Patio de Motos (Segunda Etapa) | E239: 1.6 | F239: 0.000235 | G239: 0.00013 | H239: 280-226133 | I239: Completada desde bienes santa sofia (2).xlsx
B240: TOTAL PARQUEADEROS (234) | E240: =SUM(E6:E239) | F240: =SUM(F6:F239) | G240: =SUM(G6:G239) | I240: =COUNTIF(I6:I239, "CONFIRMADO") & " de 234"
